Date,Total Cases (per million),Total Deaths (per million),New Cases (per million),New Deaths (per million)
17/03/2020,16.294,0.059,1.835,0.008
18/03/2020,19.83,0.059,2.34,0.008
19/03/2020,23.278,0.059,2.698,0.008
20/03/2020,26.519,0.088,3.123,0.013
21/03/2020,30.349,0.118,3.506,0.017
22/03/2020,34.857,0.295,3.978,0.042
23/03/2020,38.482,0.295,3.696,0.042
24/03/2020,44.728,0.413,4.062,0.051
25/03/2020,47.852,0.471,4.003,0.059
26/03/2020,52.92,0.56,4.235,0.072
27/03/2020,59.844,0.678,4.761,0.084
28/03/2020,63.675,0.766,4.761,0.093
29/03/2020,68.36,0.796,4.786,0.072
30/03/2020,72.779,1.002,4.9,0.101
31/03/2020,77.376,1.09,4.664,0.097
01/04/2020,81.501,1.267,4.807,0.114
02/04/2020,85.685,1.326,4.681,0.109
03/04/2020,91.814,1.473,4.567,0.114
04/04/2020,98.208,1.562,4.933,0.114
05/04/2020,102.628,1.68,4.895,0.126
06/04/2020,107.902,1.797,5.018,0.114
07/04/2020,111.762,1.827,4.912,0.105
08/04/2020,116.771,1.856,5.039,0.084
09/04/2020,121.368,1.915,5.097,0.084
10/04/2020,124.579,1.974,4.681,0.072
11/04/2020,128.056,2.063,4.264,0.072
12/04/2020,133.478,2.151,4.407,0.067
13/04/2020,137.986,2.239,4.298,0.063
14/04/2020,141.934,2.269,4.31,0.063
15/04/2020,146.943,2.416,4.31,0.08
16/04/2020,149.448,2.446,4.011,0.076
17/04/2020,152.689,2.475,4.016,0.072
18/04/2020,154.722,2.534,3.809,0.067
19/04/2020,156.313,2.593,3.262,0.063
20/04/2020,158.789,2.622,2.972,0.055
21/04/2020,159.82,2.622,2.555,0.051
22/04/2020,161.529,2.711,2.084,0.042
23/04/2020,163.002,2.74,1.936,0.042
24/04/2020,165.094,2.799,1.772,0.046
25/04/2020,167.687,2.829,1.852,0.042
26/04/2020,169.19,2.888,1.839,0.042
27/04/2020,170.309,2.888,1.646,0.038
28/04/2020,171.488,2.917,1.667,0.042
29/04/2020,172.402,2.947,1.553,0.034
30/04/2020,175.171,2.947,1.738,0.029
01/05/2020,176.851,3.005,1.68,0.029
02/05/2020,178.884,3.035,1.6,0.029
03/05/2020,181.978,3.035,1.827,0.021
04/05/2020,185.573,3.094,2.18,0.029
05/05/2020,187.193,3.094,2.244,0.025
06/05/2020,188.077,3.123,2.239,0.025
07/05/2020,189.403,3.153,2.033,0.029
08/05/2020,190.552,3.153,1.957,0.021
09/05/2020,192.556,3.153,1.953,0.017
10/05/2020,194.147,3.182,1.738,0.021
11/05/2020,196.121,3.182,1.507,0.013
12/05/2020,198.184,3.212,1.57,0.017
13/05/2020,198.655,3.212,1.511,0.013
14/05/2020,199.745,3.271,1.477,0.017
15/05/2020,200.924,3.3,1.482,0.021
16/05/2020,201.985,3.3,1.347,0.021
17/05/2020,202.486,3.33,1.191,0.021
18/05/2020,203.134,3.33,1.002,0.021
19/05/2020,204.519,3.33,0.905,0.017
20/05/2020,205.609,3.359,0.993,0.021
21/05/2020,206.522,3.359,0.968,0.013
22/05/2020,207.996,3.359,1.01,0.008
23/05/2020,210.294,3.389,1.187,0.013
24/05/2020,211.708,3.389,1.318,0.008
25/05/2020,213.476,3.389,1.477,0.008
26/05/2020,218.544,3.389,2.004,0.008
27/05/2020,224.054,3.389,2.635,0.004
28/05/2020,224.496,3.389,2.568,0.004
29/05/2020,224.791,3.389,2.399,0.004
30/05/2020,227.826,3.389,2.505,0
31/05/2020,228.71,3.389,2.429,0
01/06/2020,230.389,3.389,2.416,0
02/06/2020,231.509,3.389,1.852,0
03/06/2020,232.098,3.389,1.149,0
04/06/2020,234.839,3.389,1.477,0
05/06/2020,243,3.389,2.601,0
06/06/2020,243.56,3.418,2.248,0.004
07/06/2020,244.65,3.447,2.277,0.008
08/06/2020,245.21,3.447,2.117,0.008
09/06/2020,245.417,3.447,1.987,0.008
10/06/2020,245.623,3.447,1.932,0.008
11/06/2020,245.682,3.477,1.549,0.013
12/06/2020,246.595,3.477,0.514,0.013
13/06/2020,247.568,3.506,0.572,0.013
14/06/2020,248.835,3.536,0.598,0.013
15/06/2020,249.07,3.565,0.551,0.017
16/06/2020,250.278,3.565,0.695,0.017
17/06/2020,250.602,3.565,0.711,0.017
18/06/2020,250.897,3.565,0.745,0.013
19/06/2020,251.31,3.565,0.673,0.013
20/06/2020,251.486,3.565,0.56,0.008
21/06/2020,252.105,3.565,0.467,0.004
22/06/2020,252.577,3.565,0.501,0
23/06/2020,253.019,3.565,0.391,0
24/06/2020,253.107,3.565,0.358,0
25/06/2020,253.284,3.565,0.341,0
26/06/2020,253.402,3.565,0.299,0
27/06/2020,253.578,3.565,0.299,0
28/06/2020,253.873,3.565,0.253,0
29/06/2020,254.403,3.565,0.261,0
30/06/2020,254.492,3.565,0.21,0
01/07/2020,254.551,3.565,0.206,0
02/07/2020,254.58,3.565,0.185,0
03/07/2020,254.669,3.565,0.181,0
04/07/2020,254.816,3.565,0.177,0
05/07/2020,255.111,3.565,0.177,0
06/07/2020,255.258,3.565,0.122,0
07/07/2020,255.405,3.565,0.13,0
08/07/2020,255.582,3.565,0.147,0
09/07/2020,255.67,3.565,0.156,0
10/07/2020,255.847,3.565,0.168,0
11/07/2020,256.23,3.565,0.202,0
12/07/2020,256.466,3.595,0.194,0.004
13/07/2020,256.879,3.595,0.232,0.004
14/07/2020,257.085,3.595,0.24,0.004
15/07/2020,257.203,3.595,0.232,0.004
16/07/2020,257.35,3.595,0.24,0.004
17/07/2020,257.438,3.595,0.227,0.004
18/07/2020,257.969,3.595,0.248,0.004
19/07/2020,258.234,3.595,0.253,0
20/07/2020,258.676,3.624,0.257,0.004
21/07/2020,259.295,3.624,0.316,0.004
22/07/2020,259.737,3.624,0.362,0.004
23/07/2020,260.208,3.624,0.408,0.004
24/07/2020,260.473,3.624,0.434,0.004
25/07/2020,261.092,3.624,0.446,0.004
26/07/2020,261.77,3.624,0.505,0.004
27/07/2020,262.153,3.654,0.497,0.004
28/07/2020,262.359,3.654,0.438,0.004
29/07/2020,263.508,3.654,0.539,0.004
30/07/2020,263.891,3.654,0.526,0.004
31/07/2020,264.127,3.654,0.522,0.004
01/08/2020,264.481,3.683,0.484,0.008
02/08/2020,264.746,3.683,0.425,0.008
03/08/2020,265.158,3.683,0.429,0.004
04/08/2020,265.217,3.683,0.408,0.004
05/08/2020,265.247,3.683,0.248,0.004
06/08/2020,265.865,3.683,0.282,0.004
07/08/2020,266.307,3.683,0.311,0.004
08/08/2020,267.044,3.683,0.366,0
09/08/2020,267.25,3.683,0.358,0
10/08/2020,267.633,3.683,0.354,0
11/08/2020,267.958,3.683,0.391,0
12/08/2020,268.223,3.683,0.425,0
13/08/2020,268.547,3.683,0.383,0
14/08/2020,268.989,3.683,0.383,0
15/08/2020,269.578,3.683,0.362,0
16/08/2020,270.344,3.683,0.442,0
17/08/2020,271.081,3.683,0.492,0
18/08/2020,271.434,3.683,0.497,0
19/08/2020,271.641,3.683,0.488,0
20/08/2020,272.112,3.683,0.509,0
21/08/2020,272.259,3.683,0.467,0
22/08/2020,272.525,3.683,0.421,0
23/08/2020,272.76,3.683,0.345,0
24/08/2020,273.055,3.683,0.282,0
25/08/2020,273.261,3.683,0.261,0
26/08/2020,273.585,3.683,0.278,0
27/08/2020,273.762,3.683,0.236,0
28/08/2020,273.91,3.683,0.236,0
29/08/2020,274.204,3.683,0.24,0
30/08/2020,274.528,3.683,0.253,0
31/08/2020,275.029,3.713,0.282,0.004
01/09/2020,275.206,3.742,0.278,0.008
02/09/2020,275.618,3.772,0.29,0.013
03/09/2020,275.795,3.772,0.29,0.013
04/09/2020,276.208,3.772,0.328,0.013
05/09/2020,276.532,3.772,0.333,0.013
06/09/2020,276.709,3.772,0.311,0.013
07/09/2020,276.886,3.772,0.265,0.008
08/09/2020,278.712,3.772,0.501,0.004
09/09/2020,281.659,3.772,0.863,0
10/09/2020,282.366,3.772,0.939,0
11/09/2020,283.692,3.772,1.069,0
12/09/2020,289.055,3.772,1.789,0
13/09/2020,290.764,3.772,2.008,0
14/09/2020,292.149,3.772,2.18,0
15/09/2020,293.062,3.772,2.05,0
16/09/2020,293.74,3.772,1.726,0
17/09/2020,295.567,3.772,1.886,0
18/09/2020,296.185,3.772,1.785,0
19/09/2020,298.984,3.801,1.419,0.004
20/09/2020,299.574,3.83,1.259,0.008
21/09/2020,301.106,3.83,1.28,0.008
22/09/2020,302.786,3.83,1.389,0.008
23/09/2020,305.202,3.83,1.637,0.008
24/09/2020,309.533,3.919,1.995,0.021
25/09/2020,311.625,3.919,2.206,0.021
26/09/2020,314.896,3.919,2.273,0.017
27/09/2020,317.312,3.919,2.534,0.013
28/09/2020,321.732,3.948,2.947,0.017
29/09/2020,325.12,3.948,3.191,0.017
30/09/2020,328.096,3.948,3.271,0.017
01/10/2020,330.719,4.007,3.027,0.013
02/10/2020,338.38,4.007,3.822,0.013
03/10/2020,346.836,4.007,4.563,0.013
04/10/2020,356.177,4.037,5.552,0.017
05/10/2020,364.81,4.037,6.154,0.013
06/10/2020,377.539,4.037,7.488,0.013
07/10/2020,397.9,4.155,9.972,0.029
08/10/2020,412.308,4.155,11.656,0.021
09/10/2020,423.358,4.302,12.14,0.042
10/10/2020,433.788,4.479,12.422,0.067
11/10/2020,444.808,4.567,12.662,0.076
12/10/2020,461.338,4.626,13.79,0.084
13/10/2020,477.927,4.685,14.341,0.093
14/10/2020,497.374,4.803,14.211,0.093
15/10/2020,516.822,4.921,14.93,0.109
16/10/2020,534.177,5.009,15.831,0.101
17/10/2020,552.71,5.186,16.989,0.101
18/10/2020,578.316,5.304,19.072,0.105
19/10/2020,603.98,5.51,20.377,0.126
20/10/2020,629.467,5.598,21.649,0.13
21/10/2020,654.866,5.687,22.499,0.126
22/10/2020,676.435,5.864,22.802,0.135
23/10/2020,701.392,6.011,23.888,0.143
24/10/2020,722.313,6.306,24.229,0.16
25/10/2020,758.496,6.512,25.74,0.173
26/10/2020,782.746,6.748,25.538,0.177
27/10/2020,819.283,6.954,27.117,0.194
28/10/2020,843.886,7.013,27.003,0.189
29/10/2020,867.488,7.248,27.293,0.198
30/10/2020,886.611,7.248,26.46,0.177
31/10/2020,910.154,7.337,26.834,0.147
01/11/2020,929.572,7.337,24.439,0.118
02/11/2020,957.77,7.337,25.003,0.084
03/11/2020,982.344,7.396,23.294,0.063
04/11/2020,1013.4,7.749,24.216,0.105
05/11/2020,1043.809,7.985,25.189,0.105
06/11/2020,1073.539,8.162,26.704,0.13
07/11/2020,1125.251,8.221,30.728,0.126
08/11/2020,1159.666,8.309,32.871,0.139
09/11/2020,1184.771,8.427,32.429,0.156
10/11/2020,1213.411,8.663,33.01,0.181
11/11/2020,1239.016,8.84,32.231,0.156
12/11/2020,1263.237,8.899,31.347,0.13
13/11/2020,1290.315,8.928,30.968,0.109
14/11/2020,1328.738,8.957,29.07,0.105
15/11/2020,1361.562,9.016,28.842,0.101
16/11/2020,1397.157,9.105,30.341,0.097
17/11/2020,1429.657,9.223,30.892,0.08
18/11/2020,1465.31,9.37,32.328,0.076
19/11/2020,1484.757,9.488,31.646,0.084
20/11/2020,1522.767,9.606,33.207,0.097
21/11/2020,1550.995,9.694,31.751,0.105
22/11/2020,1581.668,9.782,31.444,0.109
23/11/2020,1613.962,9.871,30.972,0.109
24/11/2020,1669.475,9.93,34.26,0.101
25/11/2020,1733.945,10.048,38.376,0.097
26/11/2020,1762.526,10.166,39.681,0.097
27/11/2020,1790.076,10.254,38.187,0.093
28/11/2020,1822.753,10.313,38.823,0.088
29/11/2020,1861.5,10.431,39.976,0.093
30/11/2020,1900.07,10.519,40.873,0.093
01/12/2020,1935.782,10.608,38.044,0.097
02/12/2020,1979.155,10.696,35.03,0.093
03/12/2020,2004.23,10.755,34.529,0.084
04/12/2020,2035.905,11.079,35.118,0.118
05/12/2020,2069.525,11.079,35.253,0.109
06/12/2020,2102.615,11.197,34.445,0.109
07/12/2020,2141.951,11.256,34.554,0.105
08/12/2020,2189.096,11.315,36.188,0.101
09/12/2020,2218.915,11.433,34.251,0.105
10/12/2020,2247.172,11.58,34.706,0.118
11/12/2020,2312.997,11.668,39.585,0.084
12/12/2020,2366.329,11.845,42.401,0.109
13/12/2020,2423.404,12.11,45.827,0.13
14/12/2020,2459.617,12.228,45.381,0.139
15/12/2020,2500.014,12.346,44.417,0.147
16/12/2020,2552.226,12.434,47.616,0.143
17/12/2020,2590.384,12.641,49.03,0.152
18/12/2020,2626.331,12.729,44.762,0.152
19/12/2020,2675.921,12.729,44.227,0.126
20/12/2020,2709.895,12.758,40.927,0.093
21/12/2020,2749.378,12.876,41.395,0.093
22/12/2020,2808.839,12.906,44.118,0.08
23/12/2020,2869.597,12.935,45.339,0.072
24/12/2020,2909.316,13.083,45.562,0.063
25/12/2020,2955.901,13.142,47.081,0.059
26/12/2020,2992.644,13.23,45.246,0.072
27/12/2020,3061.446,13.289,50.222,0.076
28/12/2020,3096.686,13.318,49.615,0.063
29/12/2020,3143.654,13.407,47.831,0.072
30/12/2020,3200.374,13.466,47.254,0.076
31/12/2020,3255.475,13.642,49.451,0.08
01/01/2021,3390.809,13.878,62.13,0.105
02/01/2021,3458.432,13.967,66.541,0.105
03/01/2021,3508.641,14.232,63.885,0.135
04/01/2021,3559.94,14.556,66.179,0.177
05/01/2021,3619.666,14.762,68.002,0.194
06/01/2021,3696.069,14.998,70.814,0.219
07/01/2021,3785.261,15.116,75.684,0.21
08/01/2021,3863.138,15.351,67.476,0.21
09/01/2021,3935.357,15.823,68.132,0.265
10/01/2021,4007.046,15.97,71.201,0.248
11/01/2021,4072.813,16.235,73.268,0.24
12/01/2021,4170.313,16.353,78.664,0.227
13/01/2021,4258.267,16.471,80.314,0.21
14/01/2021,4356.593,16.589,81.619,0.21
15/01/2021,4451.206,17.031,84.01,0.24
16/01/2021,4569.922,17.267,90.652,0.206
17/01/2021,4668.307,17.502,94.466,0.219
18/01/2021,4765.719,17.709,98.987,0.21
19/01/2021,4872.708,17.827,100.342,0.21
20/01/2021,4990.804,18.239,104.648,0.253
21/01/2021,5084.209,18.563,103.945,0.282
22/01/2021,5191.198,18.917,105.713,0.269
23/01/2021,5317.162,19.447,106.749,0.311
24/01/2021,5415.753,19.653,106.778,0.307
25/01/2021,5505.563,19.977,105.692,0.324
26/01/2021,5611.197,20.302,105.498,0.354
27/01/2021,5719.629,20.626,104.118,0.341
28/01/2021,5840.26,20.832,108.007,0.324
29/01/2021,6008.949,21.127,116.822,0.316
30/01/2021,6177.726,21.598,122.938,0.307
31/01/2021,6333.833,21.981,131.154,0.333
01/02/2021,6458,22.394,136.062,0.345
02/02/2021,6559.803,22.688,135.515,0.341
03/02/2021,6686.032,23.307,138.058,0.383
04/02/2021,6820.718,23.837,140.065,0.429
05/02/2021,6920.635,24.338,130.241,0.459
06/02/2021,7033.988,24.898,122.323,0.471
07/02/2021,7143.923,25.252,115.727,0.467
08/02/2021,7235.265,25.694,111.038,0.471
09/02/2021,7316.708,26.401,108.129,0.53
10/02/2021,7413.589,26.784,103.937,0.497
11/02/2021,7513.3,27.196,98.94,0.48
12/02/2021,7611.066,27.58,98.633,0.463
13/02/2021,7714.165,28.08,97.168,0.455
14/02/2021,7786.768,28.228,91.835,0.425
15/02/2021,7851.179,28.434,87.988,0.391
16/02/2021,7931.03,28.729,87.76,0.333
17/02/2021,8019.367,28.964,86.54,0.311
18/02/2021,8099.277,29.613,83.711,0.345
19/02/2021,8185.787,30.349,82.103,0.396
20/02/2021,8258.301,30.732,77.734,0.379
21/02/2021,8355.448,30.968,81.24,0.391
22/02/2021,8420.036,31.115,81.265,0.383
23/02/2021,8492.756,31.292,80.247,0.366
24/02/2021,8597.211,31.705,82.549,0.391
25/02/2021,8653.902,32.058,79.232,0.349
26/02/2021,8720.287,32.412,76.357,0.295
27/02/2021,8789.943,32.736,75.949,0.286
28/02/2021,8861.75,33.031,72.329,0.295
01/03/2021,8915.613,33.296,70.797,0.311
02/03/2021,8961.432,33.443,66.954,0.307
03/03/2021,9012.849,33.62,59.377,0.274
04/03/2021,9073.635,33.826,59.962,0.253
05/03/2021,9137.104,33.974,59.545,0.223
06/03/2021,9186.605,34.15,56.666,0.202
07/03/2021,9236.196,34.357,53.492,0.189
08/03/2021,9281.248,34.445,52.234,0.164
09/03/2021,9318.964,34.681,51.076,0.177
10/03/2021,9361.629,34.946,49.826,0.189
11/03/2021,9410.159,35.093,48.075,0.181
12/03/2021,9456.567,35.358,45.638,0.198
13/03/2021,9499.881,35.447,44.754,0.185
14/03/2021,9539.777,35.535,43.369,0.168
15/03/2021,9575.371,35.653,42.018,0.173
16/03/2021,9606.692,35.741,41.104,0.152
17/03/2021,9642.611,35.889,40.14,0.135
18/03/2021,9678.352,35.948,38.313,0.122
19/03/2021,9724.789,36.036,38.318,0.097
20/03/2021,9774.026,36.095,39.164,0.093
21/03/2021,9813.126,36.213,39.05,0.097
22/03/2021,9846.01,36.331,38.663,0.097
23/03/2021,9886.79,36.478,40.014,0.105
24/03/2021,9924.152,36.655,40.22,0.109
25/03/2021,9964.224,36.714,40.839,0.109
26/03/2021,10001.793,36.773,39.572,0.105
27/03/2021,10037.122,36.802,37.585,0.101
28/03/2021,10075.485,36.861,37.48,0.093
29/03/2021,10103.212,36.979,36.743,0.093
30/03/2021,10136.596,37.126,35.687,0.093
31/03/2021,10180.264,37.274,36.587,0.088
01/04/2021,10214.974,37.48,35.821,0.109
02/04/2021,10253.102,37.657,35.901,0.126
03/04/2021,10301.366,37.804,37.749,0.143
04/04/2021,10341.115,37.892,37.947,0.147
05/04/2021,10372.643,37.951,38.49,0.139
06/04/2021,10410.948,38.158,39.193,0.147
07/04/2021,10444.509,38.305,37.749,0.147
08/04/2021,10482.372,38.423,38.2,0.135
09/04/2021,10537.001,38.541,40.557,0.126
10/04/2021,10581.493,38.688,40.018,0.126
11/04/2021,10632.733,38.924,41.66,0.147
12/04/2021,10671.539,39.159,42.699,0.173
13/04/2021,10723.604,39.277,44.665,0.16
14/04/2021,10779.264,39.631,47.822,0.189
15/04/2021,10842.556,39.867,51.455,0.206
16/04/2021,10917.722,40.161,54.389,0.232
17/04/2021,10986.405,40.22,57.845,0.219
18/04/2021,11051.082,40.367,59.764,0.206
19/04/2021,11112.311,40.603,62.967,0.206
20/04/2021,11181.289,40.839,65.384,0.223
21/04/2021,11250.238,40.927,67.282,0.185
22/04/2021,11334.951,41.251,70.342,0.198
23/04/2021,11418.838,41.458,71.588,0.185
24/04/2021,11498.896,41.693,73.213,0.21
25/04/2021,11578.157,42.018,75.296,0.236
26/04/2021,11659.953,42.312,78.235,0.244
27/04/2021,11740.482,42.695,79.885,0.265
28/04/2021,11833.062,43.078,83.261,0.307
29/04/2021,11931.24,43.962,85.184,0.387
30/04/2021,12042.855,44.375,89.145,0.417
01/05/2021,12127.744,44.817,89.836,0.446
02/05/2021,12228.457,45.17,92.9,0.45
03/05/2021,12302.12,45.701,91.738,0.484
04/05/2021,12394.052,46.378,93.367,0.526
05/05/2021,12504.37,46.879,95.901,0.543
06/05/2021,12609.001,47.439,96.823,0.497
07/05/2021,12741.536,48.087,99.812,0.53
08/05/2021,12874.69,48.824,106.707,0.572
09/05/2021,12984.684,49.59,108.032,0.631
10/05/2021,13096.858,50.091,113.534,0.627
11/05/2021,13213.924,50.739,117.125,0.623
12/05/2021,13354.326,51.888,121.422,0.716
13/05/2021,13497.38,52.684,126.911,0.749
14/05/2021,13618.571,53.686,125.291,0.8
15/05/2021,13740.557,54.982,123.695,0.88
16/05/2021,13851.936,56.043,123.893,0.922
17/05/2021,13982.939,57.369,126.583,1.04
18/05/2021,14126.288,58.754,130.338,1.145
19/05/2021,14305.289,60.109,135.852,1.174
20/05/2021,14505.83,61.848,144.064,1.309
21/05/2021,14697.148,63.321,154.083,1.376
22/05/2021,14883.369,64.794,163.259,1.402
23/05/2021,15088.919,66.238,176.712,1.456
24/05/2021,15280.709,68.035,185.396,1.524
25/05/2021,15495.482,69.803,195.599,1.578
26/05/2021,15715.823,71.66,201.505,1.65
27/05/2021,15947.332,73.398,205.929,1.65
28/05/2021,16191.599,75.195,213.493,1.696
29/05/2021,16457.377,78.083,224.858,1.898
30/05/2021,16663.604,80.411,224.955,2.025
31/05/2021,16864.676,82.385,226.281,2.05
01/06/2021,17074.027,84.477,225.506,2.096
02/06/2021,17300.998,88.19,226.454,2.361
03/06/2021,17542.879,91.225,227.935,2.547
04/06/2021,17771.176,93.759,225.654,2.652
05/06/2021,17990.751,96.97,219.054,2.698
06/06/2021,18174.644,99.534,215.863,2.732
07/06/2021,18329.956,101.95,209.326,2.795
08/06/2021,18493.96,104.189,202.848,2.816
09/06/2021,18677.794,106.399,196.685,2.601
10/06/2021,18844.892,108.55,186.002,2.475
11/06/2021,19046.699,111.025,182.218,2.467
12/06/2021,19217.392,113.265,175.234,2.328
13/06/2021,19373.676,115.15,171.29,2.231
14/06/2021,19519.5,116.918,169.935,2.138
15/06/2021,19679.172,119.894,169.316,2.244
16/06/2021,19830.919,122.045,164.732,2.235
17/06/2021,19999.991,123.813,165.014,2.18
18/06/2021,20189.747,125.994,163.293,2.138
19/06/2021,20363.917,128.115,163.789,2.122
20/06/2021,20519.876,129.883,163.743,2.105
21/06/2021,20655.741,131.916,162.32,2.143
22/06/2021,20795.495,134.185,159.475,2.042
23/06/2021,20950.011,136.631,159.87,2.084
24/06/2021,21122.118,139.106,160.304,2.185
25/06/2021,21293.37,141.522,157.66,2.218
26/06/2021,21464.357,143.909,157.206,2.256
27/06/2021,21628.951,145.676,158.439,2.256
28/06/2021,21782.701,147.356,160.994,2.206
29/06/2021,21972.369,150.509,168.125,2.332
30/06/2021,22157.293,152.336,172.469,2.244
01/07/2021,22363.197,154.811,177.297,2.244
02/07/2021,22568.923,156.962,182.222,2.206
03/07/2021,22765.104,160.114,185.821,2.315
04/07/2021,22943.221,161.971,187.753,2.328
05/07/2021,23131.416,164.24,192.674,2.412
06/07/2021,23356.944,167.275,197.796,2.395
07/07/2021,23566.059,169.956,201.252,2.517
08/07/2021,23827.357,173.934,209.166,2.732
09/07/2021,24097.849,176.203,218.418,2.749
10/07/2021,24373.438,178.766,229.762,2.665
11/07/2021,24641.72,181.447,242.643,2.782
12/07/2021,24894.355,184.453,251.848,2.888
13/07/2021,25220.801,188.136,266.265,2.98
14/07/2021,25563.129,191.613,285.296,3.094
15/07/2021,25952.513,194.854,303.594,2.989
16/07/2021,26322.038,198.243,317.741,3.149
17/07/2021,26691.179,202.309,331.106,3.363
18/07/2021,27006.753,206.817,337.862,3.624
19/07/2021,27330.046,210.618,347.956,3.738
20/07/2021,27694.414,213.358,353.373,3.603
21/07/2021,28047.556,219.222,354.918,3.944
22/07/2021,28431.606,223.17,354.156,4.045
23/07/2021,28890.47,227.413,366.919,4.167
24/07/2021,29359.027,232.835,381.121,4.361
25/07/2021,29861.263,235.546,407.787,4.104
26/07/2021,30288.982,241.645,422.705,4.432
27/07/2021,30763.874,247.626,438.494,4.895
28/07/2021,31276.718,251.958,461.309,4.677
29/07/2021,31782.637,257.085,478.719,4.845
30/07/2021,32278.833,261.033,484.052,4.803
31/07/2021,32802.903,265.895,491.982,4.723
01/08/2021,33308.233,270.609,492.424,5.009
02/08/2021,33772.724,277.062,497.677,5.06
03/08/2021,34276.728,282.808,501.836,5.026
04/08/2021,34860.701,290.381,511.998,5.489
05/08/2021,35467.568,295.213,526.419,5.447
06/08/2021,36083.069,299.927,543.462,5.556
07/08/2021,36650.483,306.115,549.654,5.746
08/08/2021,37201.13,316.723,556.128,6.588
09/08/2021,37708.994,322.969,562.324,6.558
10/08/2021,38298.035,328.892,574.472,6.583
11/08/2021,38910.325,335.109,578.518,6.39
12/08/2021,39548.779,344.479,583.03,7.038
13/08/2021,40181.34,352.641,585.467,7.53
14/08/2021,40790.388,360.302,591.415,7.741
15/08/2021,41395.782,368.611,599.236,7.413
16/08/2021,41977.427,376.685,609.776,7.674
17/08/2021,42555.861,385.318,608.261,8.061
18/08/2021,43211.228,391.948,614.415,8.12
19/08/2021,43887.398,397.192,619.803,7.53
20/08/2021,44581.719,404.058,628.626,7.345
21/08/2021,45237.675,410.629,635.327,7.19
22/08/2021,45821.295,417.464,632.216,6.979
23/08/2021,46342.006,422.591,623.511,6.558
24/08/2021,46955.974,428.809,628.588,6.213
25/08/2021,47623.128,436.617,630.271,6.381
26/08/2021,48347.945,448.197,637.221,7.286
27/08/2021,48998.244,458.186,630.932,7.733
28/08/2021,49664.072,465.611,632.342,7.855
29/08/2021,50270.438,474.008,635.592,8.078
30/08/2021,50838.176,482.701,642.31,8.587
31/08/2021,51453.913,491.01,642.563,8.886
01/09/2021,52006.741,499.201,626.23,8.941
02/09/2021,52625.159,506.538,611.031,8.334
03/09/2021,53196.137,516.262,599.699,8.297
04/09/2021,53757.658,526.928,584.798,8.76
05/09/2021,54358.632,536.828,584.028,8.974
06/09/2021,54869.914,544.843,575.963,8.877
07/09/2021,55416.407,554.007,566.071,9
08/09/2021,55997.846,564.644,570.158,9.349
09/09/2021,56566.733,574.161,563.082,9.66
10/09/2021,57190.69,584.209,570.65,9.707
11/09/2021,57766.737,601.652,572.726,10.675
12/09/2021,58332.412,610.256,567.683,10.49
13/09/2021,58806.008,622.425,562.299,11.083
14/09/2021,59267.7,636.068,550.185,11.723
15/09/2021,59842.126,648.502,549.183,11.98
16/09/2021,60396.516,658.697,547.112,12.077
17/09/2021,60914.428,670.13,531.962,12.274
18/09/2021,61372.584,679.676,515.121,11.146
19/09/2021,61813.208,690.755,497.257,11.5
20/09/2021,62235.888,699.624,489.983,11.028
21/09/2021,62700.232,709.466,490.362,10.485
22/09/2021,63141.916,723.815,471.399,10.759
23/09/2021,63547.182,734.6,450.095,10.843
24/09/2021,63976.02,734.6,437.37,9.21
25/09/2021,64385.559,741.318,430.425,8.806
26/09/2021,64771.672,749.509,422.638,8.393
27/09/2021,65094.582,757.111,408.385,8.212
28/09/2021,65428.483,764.183,389.75,7.817
29/09/2021,65794.855,770.312,378.991,6.642
30/09/2021,66170.096,775.969,374.702,5.91
01/10/2021,66520.409,779.534,363.484,6.419
02/10/2021,66842.023,782.746,350.923,5.918
03/10/2021,67109.155,786.223,333.926,5.245
04/10/2021,67347.087,788.462,321.786,4.479
05/10/2021,67606.883,791.91,311.2,3.961
06/10/2021,67883.268,795.003,298.345,3.527
07/10/2021,68174.68,798.893,286.369,3.275
08/10/2021,68461.996,801.191,277.37,3.094
09/10/2021,68719.611,803.372,268.227,2.947
10/10/2021,68936.859,805.257,261.101,2.719
11/10/2021,69134.541,807.998,255.351,2.791
12/10/2021,69348.931,811.033,248.864,2.732
13/10/2021,69583.18,813.036,242.845,2.576
14/10/2021,69821.378,815.629,235.243,2.391
15/10/2021,70040.01,818.252,225.431,2.437
16/10/2021,70261.265,820.845,220.236,2.496
17/10/2021,70442.33,822.701,215.067,2.492
18/10/2021,70602.444,824.822,209.7,2.404
19/10/2021,70771.722,826.855,203.256,2.26
20/10/2021,70934.253,829.095,193.01,2.294
21/10/2021,71117.233,831.924,185.122,2.328
22/10/2021,71312.588,834.222,181.797,2.281
23/10/2021,71484.311,835.459,174.721,2.088
24/10/2021,71651.262,836.815,172.705,2.016
25/10/2021,71792.165,839.526,169.96,2.1
26/10/2021,71960.883,842.001,169.88,2.164
27/10/2021,72142.036,844.888,172.54,2.256
28/10/2021,72329.936,847.687,173.243,2.252
29/10/2021,72508.496,849.544,170.844,2.189
30/10/2021,72680.986,850.84,170.954,2.197
31/10/2021,72827.694,851.901,168.062,2.155
01/11/2021,72964,853.757,167.405,2.033
02/11/2021,73113.419,855.82,164.648,1.974
03/11/2021,73269.32,857.175,161.041,1.755
04/11/2021,73437.655,859.061,158.246,1.625
05/11/2021,73582.683,860.446,153.455,1.557
06/11/2021,73721.2,862.037,148.602,1.6
07/11/2021,73849.168,863.068,145.925,1.595
08/11/2021,73983.028,864.777,145.575,1.574
09/11/2021,74142.23,867.076,146.973,1.608
10/11/2021,74326.181,868.814,150.98,1.663
11/11/2021,74512.491,870.258,153.548,1.6
12/11/2021,74704.516,871.466,160.262,1.574
13/11/2021,74875.68,873.087,164.926,1.578
14/11/2021,75027.78,874.412,168.373,1.621
15/11/2021,75179.32,875.974,170.899,1.6
16/11/2021,75338.816,877.153,170.941,1.44
17/11/2021,75524.094,879.156,171.13,1.477
18/11/2021,75712.082,880.777,171.37,1.503
19/11/2021,75899.334,882.103,170.688,1.52
20/11/2021,76071.971,883.311,170.899,1.461
21/11/2021,76214.996,884.018,169.602,1.372
22/11/2021,76358.934,885.816,168.516,1.406
23/11/2021,76523.763,887.2,169.278,1.435
24/11/2021,76693.336,888.291,167.035,1.305
25/11/2021,76874.371,889.705,166.041,1.275
26/11/2021,77036.459,891.031,162.446,1.275
27/11/2021,77186.644,892.21,159.239,1.271
28/11/2021,77311.548,893.064,156.65,1.292
29/11/2021,77431.972,894.861,153.291,1.292
30/11/2021,77575.734,896.482,150.281,1.326
01/12/2021,77735.995,897.926,148.951,1.376
02/12/2021,77907.071,899.311,147.529,1.372
03/12/2021,78070.633,899.812,147.739,1.254
04/12/2021,78214.895,900.872,146.893,1.238
05/12/2021,78341.537,902.051,147.141,1.284
06/12/2021,78467.118,903.171,147.878,1.187
07/12/2021,78613.413,905.115,148.24,1.233
08/12/2021,78761.329,905.94,146.476,1.145
09/12/2021,78921.797,907.148,144.961,1.12
10/12/2021,79070.833,908.445,142.886,1.233
11/12/2021,79207.139,909.358,141.749,1.212
12/12/2021,79309.973,909.859,138.348,1.115
13/12/2021,79413.22,910.714,135.157,1.078
14/12/2021,79533.939,912.128,131.504,1.002
15/12/2021,79648.854,913.1,126.789,1.023
16/12/2021,79774.435,914.191,121.805,1.006
17/12/2021,79902.962,914.721,118.876,0.897
18/12/2021,80023.269,915.576,116.59,0.888
19/12/2021,80114.848,916.135,114.982,0.897
20/12/2021,80191.133,917.402,111.131,0.956
21/12/2021,80283.654,919.082,107.102,0.993
22/12/2021,80387.343,919.936,105.498,0.977
23/12/2021,80490.766,921.233,102.333,1.006
24/12/2021,80594.72,922.5,98.822,1.111
25/12/2021,80687.83,922.706,94.937,1.019
26/12/2021,80769.685,923.266,93.548,1.019
27/12/2021,80850.92,924.297,94.255,0.985
28/12/2021,80936.281,924.975,93.232,0.842
29/12/2021,81044.802,926.036,93.923,0.871
30/12/2021,81162.575,927.038,95.973,0.829
31/12/2021,81267.855,927.774,96.162,0.753
01/01/2022,81367.624,928.54,97.113,0.833
02/01/2022,81452.543,929.1,97.551,0.833
03/01/2022,81531.805,929.925,97.269,0.804
04/01/2022,81615.545,930.839,97.038,0.838
05/01/2022,81711.897,931.369,95.299,0.762
06/01/2022,81816.292,931.929,93.388,0.699
07/01/2022,81915.914,932.341,92.58,0.652
08/01/2022,82011.706,932.724,92.012,0.598
09/01/2022,82096.802,933.402,92.037,0.615
10/01/2022,82174.62,933.932,91.831,0.572
11/01/2022,82268.172,934.728,93.232,0.556
12/01/2022,82362.402,935.17,92.929,0.543
13/01/2022,82470.953,935.524,93.523,0.514
14/01/2022,82569.543,935.877,93.376,0.505
15/01/2022,82660.12,936.437,92.631,0.53
16/01/2022,82748.81,936.791,93.144,0.484
17/01/2022,82817.818,937.262,91.885,0.476
18/01/2022,82913.433,937.527,92.18,0.4
19/01/2022,83008.577,937.91,92.311,0.391
20/01/2022,83119.484,938.558,92.647,0.434
21/01/2022,83238.701,939,95.594,0.446
22/01/2022,83359.98,939.442,99.98,0.429
23/01/2022,83473.598,939.708,103.541,0.417
24/01/2022,83568.3,940.002,107.212,0.391
25/01/2022,83688.105,940.474,110.667,0.421
26/01/2022,83827.889,940.827,117.045,0.417
27/01/2022,83988.151,941.122,124.095,0.366
28/01/2022,84150.858,941.476,130.308,0.354
29/01/2022,84302.28,941.623,134.614,0.311
30/01/2022,84447.102,941.859,139.072,0.307
31/01/2022,84587.77,942.242,145.639,0.32
01/02/2022,84751.774,942.448,151.953,0.282
02/02/2022,84920.787,942.654,156.128,0.261
03/02/2022,85089.328,942.89,157.311,0.253
04/02/2022,85302.48,943.214,164.517,0.248
05/02/2022,85571.115,943.627,181.262,0.286
06/02/2022,85868.391,943.892,203.041,0.29
07/02/2022,86193.511,944.157,229.392,0.274
08/02/2022,86604.375,944.54,264.657,0.299
09/02/2022,87109.234,944.805,312.635,0.307
10/02/2022,87671.727,945.1,368.914,0.316
11/02/2022,88288.701,945.807,426.603,0.37
12/02/2022,88960.569,946.249,484.208,0.375
13/02/2022,89581.462,946.573,530.439,0.383
14/02/2022,90209.515,947.28,573.715,0.446
15/02/2022,90861.671,948.194,608.185,0.522
16/02/2022,91681.72,948.812,653.212,0.572
17/02/2022,92468.473,949.962,685.249,0.695
18/02/2022,93287.844,950.669,714.163,0.695
19/02/2022,94137.182,952.024,739.516,0.825
20/02/2022,94927.795,953.114,763.762,0.934
21/02/2022,95667.344,954.381,779.69,1.014
22/02/2022,96468.182,955.648,800.93,1.065
23/02/2022,97387.47,957.269,815.107,1.208
24/02/2022,98332.423,958.624,837.707,1.238
25/02/2022,99235.358,960.304,849.645,1.376
26/02/2022,100039.731,961.571,843.221,1.364
27/02/2022,100760.629,962.749,833.262,1.376
28/02/2022,101441.278,964.959,824.848,1.511
01/03/2022,102203.074,967.258,819.27,1.658
02/03/2022,103013.37,970.646,803.7,1.911
03/03/2022,103970.02,973.18,805.371,2.079
04/03/2022,104948.534,975.478,816.168,2.168
05/03/2022,105932.852,977.453,841.874,2.269
06/03/2022,106741.232,979.073,854.372,2.332
07/03/2022,107532.553,981.342,870.182,2.34
08/03/2022,108460.415,983.67,893.906,2.345
09/03/2022,109351.623,986.999,905.465,2.336
10/03/2022,110258.771,989.062,898.393,2.269
11/03/2022,111225.234,990.624,896.671,2.164
12/03/2022,111998.698,993.57,866.549,2.303
13/03/2022,112662.699,996.134,845.924,2.437
14/03/2022,113311.819,998.844,825.61,2.5
15/03/2022,114093.652,1001.644,804.748,2.568
16/03/2022,114927.461,1004.738,796.548,2.534
17/03/2022,115723.142,1007.272,780.624,2.601
18/03/2022,116437.411,1009.01,744.597,2.627
19/03/2022,117095.695,1011.515,728.142,2.563
20/03/2022,117658.63,1013.607,713.704,2.496
21/03/2022,118183.938,1015.463,696.017,2.374
22/03/2022,118816.941,1017.584,674.756,2.277
23/03/2022,119479.645,1019.5,650.312,2.109
24/03/2022,120196.123,1021.385,638.997,2.016
25/03/2022,120839.616,1022.947,628.886,1.991
26/03/2022,121456.119,1023.949,622.918,1.776
27/03/2022,121952.992,1025.039,613.48,1.633
28/03/2022,122345.942,1026.63,594.572,1.595
29/03/2022,122794.256,1028.516,568.188,1.562
30/03/2022,123263.963,1029.488,540.617,1.427
31/03/2022,123810.839,1030.785,516.388,1.343
01/04/2022,124325.775,1031.669,498.023,1.246
02/04/2022,124758.679,1033.319,471.794,1.339
03/04/2022,125123.46,1034.203,452.924,1.309
04/04/2022,125418.172,1035.028,438.89,1.2
05/04/2022,125772.256,1036,425.429,1.069
06/04/2022,126128.934,1036.943,409.282,1.065
07/04/2022,126482.341,1038.004,381.643,1.031
08/04/2022,126922.67,1038.917,370.985,1.035
09/04/2022,127222.539,1039.536,351.98,0.888
10/04/2022,127461.561,1039.89,334.015,0.812
11/04/2022,127689.593,1040.45,324.489,0.775
12/04/2022,127954.84,1041.333,311.798,0.762
13/04/2022,128251.025,1041.982,303.156,0.72
14/04/2022,128557.848,1042.512,296.501,0.644
15/04/2022,128842.866,1042.512,274.314,0.514
16/04/2022,129128.826,1043.337,272.327,0.543
17/04/2022,129323.975,1043.691,266.059,0.543
18/04/2022,129534.357,1044.162,263.538,0.53
19/04/2022,129713.182,1044.516,251.192,0.455
20/04/2022,129918.497,1044.987,238.21,0.429
21/04/2022,130092.312,1045.134,219.209,0.375
22/04/2022,130279.181,1045.488,205.188,0.425
23/04/2022,130444.894,1045.753,188.01,0.345
24/04/2022,130562.932,1045.989,176.994,0.328
25/04/2022,130635.947,1046.225,157.37,0.295
26/04/2022,130734.98,1046.608,145.971,0.299
27/04/2022,130837.254,1046.785,131.251,0.257
28/04/2022,130923.735,1047.079,118.775,0.278
29/04/2022,130999.726,1047.256,102.935,0.253
30/04/2022,131061.809,1047.403,88.131,0.236
01/05/2022,131106.096,1047.492,77.595,0.215
02/05/2022,131145.933,1047.639,72.855,0.202
03/05/2022,131173.1,1047.904,62.589,0.185
04/05/2022,131204.156,1047.993,52.415,0.173
05/05/2022,131241.813,1048.052,45.44,0.139
06/05/2022,131278.674,1048.258,39.85,0.143
07/05/2022,131319.101,1048.346,36.756,0.135
08/05/2022,131382.539,1048.464,39.492,0.139
09/05/2022,131448.718,1048.494,43.255,0.122
10/05/2022,131525.476,1048.67,50.339,0.109
11/05/2022,131623.33,1048.906,59.882,0.13
12/05/2022,131723.807,1049.024,68.856,0.139
13/05/2022,131813.057,1049.171,76.34,0.13
14/05/2022,131882.978,1049.319,80.554,0.139
15/05/2022,131948.951,1049.407,80.916,0.135
16/05/2022,131998.954,1049.554,78.605,0.152
17/05/2022,132042.238,1049.643,73.823,0.139
18/05/2022,132101.67,1049.849,68.334,0.135
19/05/2022,132164.254,1049.937,62.921,0.13
20/05/2022,132225.041,1050.085,58.855,0.13
21/05/2022,132284.679,1050.085,57.386,0.109
22/05/2022,132338.129,1050.232,55.597,0.118
23/05/2022,132383.623,1050.291,54.953,0.105
24/05/2022,132440.138,1050.35,56.843,0.101
25/05/2022,132511.738,1050.527,58.581,0.097
26/05/2022,132566.102,1050.615,57.407,0.097
27/05/2022,132621.408,1050.674,56.624,0.084
28/05/2022,132669.879,1050.733,55.029,0.093
29/05/2022,132703.911,1050.88,52.255,0.093
30/05/2022,132742.953,1050.998,51.333,0.101
31/05/2022,132785.707,1051.204,49.367,0.122
01/06/2022,132839.01,1051.263,46.753,0.105
02/06/2022,132894.316,1051.322,46.888,0.101
03/06/2022,132948.65,1051.352,46.749,0.097
04/06/2022,132995.529,1051.499,46.522,0.109
05/06/2022,133035.543,1051.558,47.376,0.097
06/06/2022,133074.732,1051.617,47.397,0.088
07/06/2022,133107.969,1051.882,46.037,0.097
08/06/2022,133152.697,1052.059,44.813,0.114
09/06/2022,133208.298,1052.147,44.855,0.118
10/06/2022,133208.298,1052.147,37.093,0.114
11/06/2022,133322.476,1052.236,46.707,0.105
12/06/2022,133368.766,1052.265,47.603,0.101
13/06/2022,133430.408,1052.383,50.811,0.109
14/06/2022,133487.04,1052.501,54.153,0.088
15/06/2022,133555.4,1052.648,57.529,0.084
16/06/2022,133615.303,1052.795,58.143,0.093
17/06/2022,133678.064,1052.854,67.109,0.101
18/06/2022,133740.736,1052.854,59.751,0.088
19/06/2022,133790.533,1052.854,60.252,0.084
20/06/2022,133852.204,1052.943,60.257,0.08
21/06/2022,133908.807,1053.002,60.252,0.072
22/06/2022,133980.26,1053.12,60.694,0.067
23/06/2022,134062.645,1053.149,63.906,0.051
24/06/2022,134136.662,1053.237,65.514,0.055
25/06/2022,134204.491,1053.237,66.251,0.055
26/06/2022,134263.51,1053.267,67.568,0.059
27/06/2022,134319.317,1053.503,66.731,0.08
28/06/2022,134378.984,1053.62,67.168,0.088
29/06/2022,134455.742,1053.768,67.926,0.093
30/06/2022,134540.219,1053.827,68.225,0.097
01/07/2022,134621.926,1053.827,69.323,0.084
02/07/2022,134696.385,1054.004,70.271,0.109
03/07/2022,134696.385,1054.151,61.839,0.126
04/07/2022,134771.109,1054.387,64.542,0.126
05/07/2022,134827.623,1054.475,64.091,0.122
06/07/2022,134914.016,1054.622,65.468,0.122
07/07/2022,135018.941,1054.711,68.389,0.126
08/07/2022,135137.392,1054.711,73.638,0.126
09/07/2022,135243.143,1055.123,78.108,0.16
10/07/2022,135325.616,1055.182,89.89,0.147
11/07/2022,135421.791,1055.329,92.955,0.135
12/07/2022,135493.009,1055.418,95.055,0.135
13/07/2022,135562.105,1055.683,92.584,0.152
14/07/2022,135678.021,1055.919,94.154,0.173
15/07/2022,135798.77,1055.919,94.483,0.173
16/07/2022,135952.285,1056.272,101.306,0.164
17/07/2022,136100.996,1056.479,110.769,0.185
18/07/2022,136217.561,1056.685,113.681,0.194
19/07/2022,136308.314,1056.921,116.472,0.215
20/07/2022,136423.288,1057.156,123.026,0.21
21/07/2022,136590.798,1057.451,130.397,0.219
22/07/2022,136725.955,1057.451,132.455,0.219
23/07/2022,136840.281,1058.129,126.857,0.265
24/07/2022,136982.186,1058.217,125.884,0.248
25/07/2022,137062.331,1058.482,120.681,0.257
26/07/2022,137159.567,1058.747,121.608,0.261
27/07/2022,137299.792,1059.042,125.215,0.269
28/07/2022,137432.474,1059.16,120.24,0.244
29/07/2022,137548.155,1059.16,117.457,0.244
30/07/2022,137691.357,1059.572,121.582,0.206
31/07/2022,137817.203,1059.838,119.288,0.232
01/08/2022,137899.205,1060.073,119.553,0.227
02/08/2022,137993.877,1060.309,119.187,0.223
03/08/2022,138117.749,1060.604,116.851,0.223
04/08/2022,138274.799,1060.839,120.332,0.24
05/08/2022,138404.83,1060.839,122.382,0.24
06/08/2022,138404.83,1061.34,101.925,0.253
07/08/2022,138658.555,1061.517,120.193,0.24
08/08/2022,138738.937,1061.694,119.962,0.232
09/08/2022,138823.296,1062.048,118.488,0.248
10/08/2022,138914.137,1062.401,113.77,0.257
11/08/2022,139058.4,1062.696,111.943,0.265
12/08/2022,139200.746,1062.814,113.702,0.282
13/08/2022,139316.928,1063.108,130.3,0.253
14/08/2022,139444.631,1063.256,112.296,0.248
15/08/2022,139534.353,1063.491,113.631,0.257
16/08/2022,139606.16,1063.757,111.838,0.244
17/08/2022,139707.196,1064.199,113.294,0.257
18/08/2022,139810.796,1064.405,107.485,0.244
19/08/2022,139930.749,1064.641,104.286,0.261
20/08/2022,140033.583,1064.758,102.379,0.236
21/08/2022,140116.027,1065.024,95.914,0.253
22/08/2022,140188.63,1065.318,93.468,0.261
23/08/2022,140249.859,1065.642,91.957,0.269
24/08/2022,140330.063,1065.966,88.981,0.253
25/08/2022,140407.734,1066.202,85.277,0.257
26/08/2022,140502.2,1066.202,81.636,0.223
27/08/2022,140594.072,1066.526,80.07,0.253
28/08/2022,140667.471,1066.585,78.778,0.223
29/08/2022,140732.029,1066.821,77.628,0.215
30/08/2022,140789.369,1066.939,77.073,0.185
31/08/2022,140852.542,1067.116,74.64,0.164
01/09/2022,140921.491,1067.381,73.394,0.168
02/09/2022,140990.911,1067.646,69.816,0.206
03/09/2022,141059.506,1067.911,66.491,0.198
04/09/2022,141125.627,1067.97,65.451,0.198
05/09/2022,141181.729,1068.088,64.243,0.181
06/09/2022,141225.514,1068.265,62.306,0.189
07/09/2022,141286.419,1068.471,61.982,0.194
08/09/2022,141357.961,1068.707,62.353,0.189
09/09/2022,141423.55,1068.825,61.806,0.168
10/09/2022,141482.186,1068.913,60.383,0.143
11/09/2022,141540.262,1069.001,59.234,0.147
12/09/2022,141583.96,1069.149,57.462,0.152
13/09/2022,141638.382,1069.326,58.981,0.152
14/09/2022,141695.604,1069.473,58.455,0.143
15/09/2022,141767.234,1069.561,58.468,0.122
16/09/2022,141837.214,1069.561,59.095,0.105
17/09/2022,141837.214,1069.826,50.718,0.13
18/09/2022,141941.786,1069.944,57.361,0.135
19/09/2022,141990.08,1070.092,58.017,0.135
20/09/2022,142028.591,1070.298,55.744,0.139
21/09/2022,142077.71,1070.475,54.587,0.143
22/09/2022,142139.911,1070.828,53.24,0.181
23/09/2022,142206.061,1070.828,52.692,0.181
24/09/2022,142267.054,1071.005,61.406,0.168
25/09/2022,142323.745,1071.064,54.566,0.16
26/09/2022,142371.125,1071.27,54.435,0.168
27/09/2022,142406.071,1071.447,53.926,0.164
28/09/2022,142451.801,1071.506,53.442,0.147
29/09/2022,142523.844,1071.624,54.848,0.114
30/09/2022,142578.856,1071.624,53.256,0.114
01/10/2022,142637.993,1071.624,52.991,0.088
02/10/2022,142685.903,1071.801,51.737,0.105
03/10/2022,142725.976,1071.948,50.693,0.097
04/10/2022,142762.631,1072.095,50.937,0.093
05/10/2022,142806.328,1072.154,50.647,0.093
06/10/2022,142857.067,1072.272,47.603,0.093
07/10/2022,142909.928,1072.272,47.296,0.093
08/10/2022,142962.612,1072.478,46.374,0.122
09/10/2022,143010.552,1072.537,46.378,0.105
10/10/2022,143053.365,1072.626,46.77,0.097
11/10/2022,143089.931,1072.714,46.757,0.088
12/10/2022,143127.971,1072.743,45.949,0.084
13/10/2022,143175.941,1072.832,45.553,0.08
14/10/2022,143237.523,1072.832,46.799,0.08
15/10/2022,143303.26,1072.979,48.664,0.072
16/10/2022,143362.869,1073.038,50.331,0.072
17/10/2022,143413.313,1073.215,51.421,0.084
18/10/2022,143448.966,1073.303,51.291,0.084
19/10/2022,143504.155,1073.392,53.741,0.093
20/10/2022,143571.778,1073.627,56.548,0.114
21/10/2022,143647.238,1073.657,58.531,0.118
22/10/2022,143713.712,1073.834,58.636,0.122
23/10/2022,143790.852,1073.834,61.141,0.114
24/10/2022,143851.374,1073.922,62.58,0.101
25/10/2022,143902.555,1074.069,64.798,0.109
26/10/2022,143953.913,1074.246,64.251,0.122
27/10/2022,144016.851,1074.364,63.582,0.105
28/10/2022,144098.234,1074.394,64.428,0.105
29/10/2022,144192.199,1074.394,68.355,0.08
30/10/2022,144284.396,1074.482,70.506,0.093
31/10/2022,144381.514,1074.747,75.734,0.118
01/11/2022,144467.346,1074.836,80.684,0.109
02/11/2022,144553.179,1074.894,85.609,0.093
03/11/2022,144670.126,1074.894,93.325,0.076
04/11/2022,144808.938,1074.894,101.529,0.072
05/11/2022,144937.406,1074.953,106.458,0.08
06/11/2022,145073.565,1075.101,112.738,0.088
07/11/2022,145188.863,1075.336,115.336,0.084
08/11/2022,145263.145,1075.602,113.686,0.109
09/11/2022,145374.554,1075.896,117.339,0.143
10/11/2022,145470.817,1076.161,114.384,0.181
11/11/2022,145572.06,1076.839,109.017,0.278
12/11/2022,145656.979,1076.898,102.796,0.278
13/11/2022,145752.593,1077.075,97.004,0.282
14/11/2022,145818.419,1077.428,89.937,0.299
15/11/2022,145869.954,1077.664,86.687,0.295
16/11/2022,145953.989,1077.929,82.776,0.29
17/11/2022,146051.342,1077.929,82.932,0.253
18/11/2022,146153.204,1078.224,83.021,0.198
19/11/2022,146242.69,1078.283,83.673,0.198
20/11/2022,146314.88,1078.695,80.327,0.232
21/11/2022,146362.997,1079.02,77.797,0.227
22/11/2022,146425.493,1079.255,79.363,0.227
23/11/2022,146499.627,1079.491,77.948,0.223
24/11/2022,146603.846,1079.55,78.929,0.232
25/11/2022,146688.618,1079.579,76.488,0.194
26/11/2022,146777.721,1079.962,76.433,0.24
27/11/2022,146863.111,1080.11,78.319,0.202
28/11/2022,146922.69,1080.404,79.956,0.198
29/11/2022,146995.322,1080.905,81.404,0.236
30/11/2022,147044.588,1081.229,77.852,0.248
01/12/2022,147095.77,1081.259,70.275,0.244
02/12/2022,147165.75,1081.259,68.162,0.24
03/12/2022,147220.732,1081.76,63.287,0.257
04/12/2022,147292.067,1081.848,61.279,0.248
05/12/2022,147336.324,1082.32,59.091,0.274
06/12/2022,147382.762,1082.496,55.348,0.227
07/12/2022,147431.35,1082.614,55.252,0.198
08/12/2022,147480.911,1082.614,55.02,0.194
09/12/2022,147528.527,1082.938,51.825,0.24
10/12/2022,147564.327,1083.233,49.085,0.21
11/12/2022,147614.33,1083.41,46.037,0.223
12/12/2022,147639.876,1083.675,43.365,0.194
13/12/2022,147663.713,1083.852,40.136,0.194
14/12/2022,147694.357,1083.94,37.572,0.189
15/12/2022,147730.924,1083.999,35.716,0.198
16/12/2022,147765.133,1083.999,33.801,0.152
17/12/2022,147794.392,1084.5,32.866,0.181
18/12/2022,147827.924,1084.559,30.513,0.164
19/12/2022,147852.881,1084.736,30.429,0.152
20/12/2022,147874.125,1084.942,30.059,0.156
21/12/2022,147898.169,1085.031,29.116,0.156
22/12/2022,147927.163,1085.031,28.034,0.147
23/12/2022,147952.444,1085.031,26.759,0.147
24/12/2022,147990.69,1085.237,28.043,0.105
25/12/2022,148013.26,1085.355,26.477,0.114
26/12/2022,148019.536,1085.531,23.808,0.114
27/12/2022,148033.68,1085.649,22.794,0.101
28/12/2022,148046.144,1085.826,21.139,0.114
29/12/2022,148060.287,1085.856,19.018,0.118
30/12/2022,148080.294,1085.885,18.264,0.122
31/12/2022,148097.472,1086.003,15.255,0.109
01/01/2023,148112.588,1086.032,14.19,0.097
02/01/2023,148124.963,1086.062,15.061,0.076
03/01/2023,148135.6,1086.062,14.56,0.059
04/01/2023,148145.383,1086.268,14.177,0.063
05/01/2023,148158.141,1086.386,13.979,0.076
06/01/2023,148174.966,1086.504,13.525,0.088
07/01/2023,148190.966,1086.533,13.356,0.076
08/01/2023,148207.79,1086.769,13.6,0.105
09/01/2023,148219.724,1087.034,13.537,0.139
10/01/2023,148231.009,1087.299,13.63,0.177
11/01/2023,148242.206,1087.417,13.832,0.164
12/01/2023,148253.02,1087.506,13.554,0.16
13/01/2023,148264.305,1087.506,12.763,0.143
14/01/2023,148273.734,1087.506,11.824,0.139
15/01/2023,148282.19,1087.682,10.629,0.13
16/01/2023,148289.38,1087.83,9.951,0.114
17/01/2023,148296.068,1087.948,9.294,0.093
18/01/2023,148306.381,1087.948,9.168,0.076
19/01/2023,148317.313,1088.154,9.185,0.093
20/01/2023,148326.683,1088.213,8.911,0.101
21/01/2023,148335.08,1088.213,8.764,0.101
22/01/2023,148343.714,1088.213,8.789,0.076
23/01/2023,148352.819,1088.213,9.063,0.055
24/01/2023,148357.003,1088.242,8.705,0.042
25/01/2023,148359.979,1088.331,7.657,0.055
26/01/2023,148363.868,1088.331,6.651,0.025
27/01/2023,148368.936,1088.331,6.036,0.017
28/01/2023,148375.89,1088.448,5.83,0.034
29/01/2023,148383.492,1088.507,5.683,0.042
30/01/2023,148391.418,1088.507,5.514,0.042
31/01/2023,148397.37,1088.507,5.767,0.038
01/02/2023,148404.766,1088.507,6.398,0.025
02/02/2023,148414.342,1088.537,7.211,0.029
03/02/2023,148423.889,1088.537,7.85,0.029
04/02/2023,148433.907,1088.537,8.288,0.013
05/02/2023,148439.859,1088.566,8.052,0.008
06/02/2023,148446.076,1088.625,7.808,0.017
07/02/2023,148451.233,1088.625,7.695,0.017
08/02/2023,148456.654,1088.625,7.413,0.017
09/02/2023,148462.223,1088.625,6.84,0.013
10/02/2023,148470.149,1088.743,6.609,0.029
11/02/2023,148477.663,1088.773,6.251,0.034
12/02/2023,148485.295,1088.802,6.491,0.034
13/02/2023,148490.009,1088.832,6.276,0.029
14/02/2023,148494.841,1088.861,6.23,0.034
15/02/2023,148500.734,1088.861,6.297,0.034
16/02/2023,148507.718,1088.89,6.499,0.038
17/02/2023,148515.997,1088.89,6.55,0.021
18/02/2023,148523.099,1088.92,6.491,0.021
19/02/2023,148529.345,1088.949,6.293,0.021
20/02/2023,148534.826,1088.949,6.402,0.017
21/02/2023,148539.746,1088.949,6.415,0.013
22/02/2023,148545.168,1088.949,6.348,0.013
23/02/2023,148551.916,1088.949,6.314,0.008
24/02/2023,148558.516,1088.949,6.074,0.008
25/02/2023,148563.584,1088.949,5.784,0.004
26/02/2023,148569.624,1088.949,5.754,0
27/02/2023,148575.724,1088.979,5.843,0.004
28/02/2023,148581.322,1089.038,5.939,0.013
01/03/2023,148587.392,1089.185,6.032,0.034
02/03/2023,148593.786,1089.185,5.981,0.034
03/03/2023,148600.975,1089.185,6.066,0.034
04/03/2023,148605.984,1089.215,6.057,0.038
05/03/2023,148611.995,1089.215,6.053,0.038
06/03/2023,148616.828,1089.215,5.872,0.034
07/03/2023,148622.367,1089.244,5.864,0.029
08/03/2023,148629.026,1089.244,5.948,0.008
09/03/2023,148635.951,1089.244,6.024,0.008
10/03/2023,148644.172,1089.244,6.171,0.008
11/03/2023,148644.172,1089.244,5.455,0.004
12/03/2023,148658.138,1089.244,6.592,0.004
13/03/2023,148658.138,1089.244,5.901,0.004
14/03/2023,148658.138,1089.244,5.11,0
15/03/2023,148658.138,1089.244,4.159,0
16/03/2023,148658.138,1089.244,3.17,0
17/03/2023,148658.138,1089.244,1.995,0
18/03/2023,148658.138,1089.244,1.995,0
19/03/2023,148712.59,1089.391,7.779,0.021
20/03/2023,148712.59,1089.391,7.779,0.021
21/03/2023,148712.59,1089.391,7.779,0.021
22/03/2023,148712.59,1089.391,7.779,0.021
23/03/2023,148712.59,1089.598,7.779,0.051
24/03/2023,148712.59,1089.598,7.779,0.051
25/03/2023,148712.59,1089.598,7.779,0.051
26/03/2023,148778.239,1089.598,9.378,0.029
27/03/2023,148778.239,1089.598,9.378,0.029
28/03/2023,148778.239,1089.598,9.378,0.029
29/03/2023,148778.239,1089.598,9.378,0.029
30/03/2023,148778.239,1089.598,9.378,0
31/03/2023,148778.239,1089.598,9.378,0
01/04/2023,148778.239,1089.598,9.378,0
02/04/2023,148868.668,1089.598,12.918,0
03/04/2023,148868.668,1089.686,12.918,0.013
04/04/2023,148868.668,1089.686,12.918,0.013
05/04/2023,148868.668,1089.686,12.918,0.013
06/04/2023,148868.668,1089.686,12.918,0.013
07/04/2023,148868.668,1089.686,12.918,0.013
08/04/2023,148868.668,1089.686,12.918,0.013
09/04/2023,149003.442,1089.686,19.253,0.013
10/04/2023,149003.442,1089.686,19.253,0
11/04/2023,149003.442,1089.686,19.253,0
12/04/2023,149003.442,1090.04,19.253,0.051
13/04/2023,149003.442,1090.04,19.253,0.051
14/04/2023,149003.442,1090.04,19.253,0.051
15/04/2023,149003.442,1090.04,19.253,0.051
16/04/2023,149129.2,1090.04,17.965,0.051
17/04/2023,149129.2,1090.216,17.965,0.076
18/04/2023,149155.159,1090.216,21.674,0.076
19/04/2023,149155.159,1090.216,21.674,0.025
20/04/2023,149155.159,1090.216,21.674,0.025
21/04/2023,149155.159,1090.216,21.674,0.025
22/04/2023,149155.159,1090.216,21.674,0.025
23/04/2023,149297.093,1090.541,23.985,0.072
24/04/2023,149297.093,1090.541,23.985,0.046
25/04/2023,149297.093,1090.541,20.276,0.046
26/04/2023,149297.093,1090.541,20.276,0.046
27/04/2023,149297.093,1090.541,20.276,0.046
28/04/2023,149297.093,1090.541,20.276,0.046
29/04/2023,149297.093,1090.806,20.276,0.084
30/04/2023,149439.028,1090.806,20.276,0.038
01/05/2023,149443.33,1090.806,20.891,0.038
02/05/2023,149443.33,1090.806,20.891,0.038
03/05/2023,149443.33,1090.806,20.891,0.038
04/05/2023,149443.33,1090.806,20.891,0.038
05/05/2023,149443.33,1091.041,20.891,0.072
06/05/2023,149443.33,1091.041,20.891,0.034
07/05/2023,149443.33,1091.041,0.615,0.034
08/05/2023,149667.148,1091.041,31.974,0.034
09/05/2023,149667.148,1091.041,31.974,0.034
10/05/2023,149667.148,1091.041,31.974,0.034
11/05/2023,149667.148,1091.041,31.974,0.034
12/05/2023,149667.148,1091.041,31.974,0
13/05/2023,149667.148,1091.041,31.974,0
14/05/2023,149667.148,1091.041,31.974,0
15/05/2023,150026.89,1091.572,51.392,0.076
16/05/2023,150026.89,1091.572,51.392,0.076
17/05/2023,150026.89,1091.572,51.392,0.076
18/05/2023,150026.89,1091.572,51.392,0.076
19/05/2023,150026.89,1092.279,51.392,0.177
20/05/2023,150026.89,1092.279,51.392,0.177
21/05/2023,150026.89,1092.279,51.392,0.177
22/05/2023,150216.617,1092.279,27.104,0.101
23/05/2023,150216.617,1092.279,27.104,0.101
24/05/2023,150216.617,1092.279,27.104,0.101
25/05/2023,150216.617,1092.279,27.104,0.101
26/05/2023,150216.617,1092.279,27.104,0
27/05/2023,150216.617,1092.279,27.104,0
28/05/2023,150216.617,1092.78,27.104,0.072
29/05/2023,150387.545,1092.78,24.418,0.072
30/05/2023,150387.545,1092.78,24.418,0.072
31/05/2023,150387.545,1092.78,24.418,0.072
01/06/2023,150387.545,1092.78,24.418,0.072
02/06/2023,150387.545,1092.78,24.418,0.072
03/06/2023,150387.545,1092.78,24.418,0.072
04/06/2023,150387.545,1092.78,24.418,0
05/06/2023,150520.817,1092.78,19.039,0
06/06/2023,150520.817,1092.78,19.039,0
07/06/2023,150520.817,1092.78,19.039,0
08/06/2023,150520.817,1093.458,19.039,0.097
09/06/2023,150520.817,1093.458,19.039,0.097
10/06/2023,150520.817,1093.458,19.039,0.097
11/06/2023,150520.817,1093.458,19.039,0.097
12/06/2023,150633.198,1093.458,16.054,0.097
13/06/2023,150633.198,1093.458,16.054,0.097
14/06/2023,150633.198,1093.458,16.054,0.097
15/06/2023,150633.198,1093.458,16.054,0
16/06/2023,150633.198,1093.458,16.054,0
17/06/2023,150633.198,1093.458,16.054,0
18/06/2023,150633.198,1093.458,16.054,0
19/06/2023,150734.352,1093.693,14.451,0.034
20/06/2023,150734.352,1093.693,14.451,0.034
21/06/2023,150734.352,1093.693,14.451,0.034
22/06/2023,150734.352,1093.693,14.451,0.034
23/06/2023,150734.352,1093.693,14.451,0.034
24/06/2023,150734.352,1093.693,14.451,0.034
25/06/2023,150734.352,1093.693,14.451,0.034
26/06/2023,150813.849,1093.959,11.357,0.038
27/06/2023,150813.849,1093.959,11.357,0.038
28/06/2023,150813.849,1093.959,11.357,0.038
29/06/2023,150813.849,1093.959,11.357,0.038
30/06/2023,150813.849,1093.959,11.357,0.038
01/07/2023,150813.849,1093.959,11.357,0.038
02/07/2023,150813.849,1093.959,11.357,0.038
03/07/2023,150847.528,1095.284,4.811,0.189
04/07/2023,150847.528,1095.284,4.811,0.189
05/07/2023,150847.528,1095.284,4.811,0.189
06/07/2023,150847.528,1095.284,4.811,0.189
07/07/2023,150847.528,1095.284,4.811,0.189
08/07/2023,150847.528,1095.284,4.811,0.189
09/07/2023,150847.528,1095.284,4.811,0.189
10/07/2023,150883.535,1095.55,5.144,0.038
11/07/2023,150883.535,1095.55,5.144,0.038
12/07/2023,150883.535,1095.55,5.144,0.038
13/07/2023,150883.535,1095.55,5.144,0.038
14/07/2023,150883.535,1095.55,5.144,0.038
15/07/2023,150883.535,1095.55,5.144,0.038
16/07/2023,150883.535,1095.55,5.144,0.038
17/07/2023,150918.952,1095.638,5.06,0.013
18/07/2023,150918.952,1095.638,5.06,0.013
19/07/2023,150918.952,1095.638,5.06,0.013
20/07/2023,150918.952,1095.638,5.06,0.013
21/07/2023,150918.952,1095.638,5.06,0.013
22/07/2023,150918.952,1095.638,5.06,0.013
23/07/2023,150918.952,1095.638,5.06,0.013
24/07/2023,150947.18,1095.667,4.033,0.004
25/07/2023,150947.18,1095.667,4.033,0.004
26/07/2023,150947.18,1095.667,4.033,0.004
27/07/2023,150947.18,1095.667,4.033,0.004
28/07/2023,150947.18,1095.667,4.033,0.004
29/07/2023,150947.18,1095.667,4.033,0.004
30/07/2023,150974.701,1095.55,7.964,
31/07/2023,150974.701,1095.726,3.932,0.025
01/08/2023,150974.701,1095.726,3.932,0.025
02/08/2023,150974.701,1095.726,3.932,0.025
03/08/2023,150974.701,1095.726,3.932,0.025
04/08/2023,150974.701,1095.726,3.932,0.025
05/08/2023,150974.701,1095.726,3.932,0.025
06/08/2023,150995.179,1095.726,2.925,0.025
07/08/2023,150995.179,1095.726,2.925,0
08/08/2023,150995.179,1095.726,2.925,0
09/08/2023,150995.179,1095.726,2.925,0
10/08/2023,150995.179,1095.726,2.925,0
11/08/2023,150995.179,1095.726,2.925,0
12/08/2023,150995.179,1095.726,2.925,0
13/08/2023,151012.328,1095.726,2.45,0
14/08/2023,151012.328,1095.726,2.45,0
15/08/2023,151012.328,1095.726,2.45,0
16/08/2023,151012.328,1095.726,2.45,0
17/08/2023,151012.328,1095.726,2.45,0
18/08/2023,151012.328,1095.726,2.45,0
19/08/2023,151012.328,1095.726,2.45,0
20/08/2023,151033.248,1095.726,2.989,0
21/08/2023,151033.248,1095.726,2.989,0
22/08/2023,151033.248,1095.726,2.989,0
23/08/2023,151033.248,1095.726,2.989,0
24/08/2023,151033.248,1095.726,2.989,0
25/08/2023,151033.248,1095.726,2.989,0
26/08/2023,151033.248,1095.726,2.989,0
27/08/2023,151053.756,1095.726,2.93,0
28/08/2023,151053.756,1095.726,2.93,0
29/08/2023,151053.756,1095.726,2.93,0
30/08/2023,151053.756,1095.726,2.93,0
31/08/2023,151053.756,1095.726,2.93,0
01/09/2023,151053.756,1095.726,2.93,0
02/09/2023,151053.756,1095.726,2.93,0
03/09/2023,151053.756,1095.726,0,0
04/09/2023,151069.579,1095.726,2.26,0
05/09/2023,151069.579,1095.726,2.26,0
06/09/2023,151069.579,1095.726,2.26,0
07/09/2023,151069.579,1095.726,2.26,0
08/09/2023,151069.579,1095.726,2.26,0
09/09/2023,151069.579,1095.726,2.26,0
10/09/2023,151069.579,1095.726,2.26,0
11/09/2023,151069.579,1095.726,0,0
12/09/2023,151069.579,1095.726,0,0
13/09/2023,151069.579,1095.726,0,0